{"cameraMode":{"drawMode":0,"name":"Shaded","section":"Shading Mode"},"sceneLighting":false,"audioPlay":false,"sceneViewState":{"showFog":true,"showMaterialUpdate":true,"showSkybox":false,"showFlares":true,"showImageEffects":true,"showParticleSystems":true},"in2DMode":false,"pivot":{"x":-0.6836967468261719,"y":-2.0219717025756838,"z":0.9022231101989746},"rotation":{"x":0.17361560463905335,"y":-0.16401387751102448,"z":0.029338529333472253,"w":0.9706164598464966},"size":17.0549259185791,"orthographic":false}