{"cameraMode":{"drawMode":0,"name":"Shaded","section":"Shading Mode"},"sceneLighting":false,"audioPlay":false,"sceneViewState":{"showFog":true,"showMaterialUpdate":true,"showSkybox":false,"showFlares":true,"showImageEffects":true,"showParticleSystems":true},"in2DMode":false,"pivot":{"x":0.0,"y":6.008399963378906,"z":0.00225067138671875},"rotation":{"x":-0.05931299552321434,"y":0.897956132888794,"z":-0.12774112820625306,"w":-0.41694000363349917},"size":73.05354309082031,"orthographic":false}