{"cameraMode":{"drawMode":0,"name":"Shaded","section":"Shading Mode"},"sceneLighting":true,"audioPlay":false,"sceneViewState":{"showFog":true,"showMaterialUpdate":true,"showSkybox":true,"showFlares":true,"showImageEffects":true,"showParticleSystems":true},"in2DMode":false,"pivot":{"x":13.7998046875,"y":-181.0577392578125,"z":13.7998046875},"rotation":{"x":0.18089032173156739,"y":-0.1637892872095108,"z":0.030567806214094163,"w":0.969287097454071},"size":9174.0966796875,"orthographic":false}