{"cameraMode":{"drawMode":0,"name":"Shaded","section":"Shading Mode"},"sceneLighting":true,"audioPlay":false,"sceneViewState":{"showFog":true,"showMaterialUpdate":true,"showSkybox":true,"showFlares":true,"showImageEffects":true,"showParticleSystems":true},"in2DMode":false,"pivot":{"x":-341.2600402832031,"y":4.2517499923706059,"z":-272.7359619140625},"rotation":{"x":0.07275576144456864,"y":0.5491077303886414,"z":-0.04806462675333023,"w":0.8311901688575745},"size":22.0,"orthographic":false}