{"cameraMode":{"drawMode":0,"name":"Shaded","section":"Shading Mode"},"sceneLighting":true,"audioPlay":false,"sceneViewState":{"showFog":true,"showMaterialUpdate":true,"showSkybox":true,"showFlares":true,"showImageEffects":true,"showParticleSystems":true},"in2DMode":false,"pivot":{"x":-460.0,"y":201.9338836669922,"z":-727.7813720703125},"rotation":{"x":0.013273641467094422,"y":0.8844048380851746,"z":-0.4658508002758026,"w":0.025199659168720247},"size":21.55746841430664,"orthographic":false}